{"271d938c-8e93-487b-beb7-fa394e5d2f0e": 1655383773.1669028, "3adbe38d-b79f-4fc6-8c41-7b2c3783c46a": 1655383821.4309516, "4d8fb0d1-c47a-45f0-8d59-c3485ab3f57b": 1655383864.2948456}